board,size_mm,layers,parts,courtyards_pct,bottom_share,bottom_share_passives,bottom_share_ics,density_pct,decoupling_n,decoupling_pad_mm_p50,decoupling_pad_mm_p90,decoupling_same_side,esd_n,esd_to_connector_mm_p50,xtal_n,xtal_to_ic_mm_p50,courtyard_gap_mm_p10,courtyard_gap_mm_p50,overlapping_courtyards_pct,pad_gap_mm_p10,pad_gap_mm_p50,edge_clearance_mm_min,edge_clearance_mm_p10,bottom_under_ic_n,bottom_under_ic_tuck_mm_p50,bottom_to_tht_mm_p10,refdes_visible_pct,refdes_size_mm_p50,refdes_size_mm_min,tracks,track_mm_min,track_mm_p50,via_drill_mm_p50,ours
reference-boards/mnt-reform/historic-reform1/reform-keyboard-pcb/mntcomp-keyboard.kicad_pcb,277x115,2,237,45.57,0.384,0.633,1.0,41.274,1,8.176,8.176,1.0,0,,1,5.664,0.615,5.53,5.319,1.812,6.03,5.375,5.71,0,,0.615,72.996,1.0,1.0,1136,0.25,0.25,0.4,False
reference-boards/mnt-reform/historic-reform1/reform-motherboard/reform-motherboard.kicad_pcb,163x99,4,788,26.904,0.0,0.0,0.0,49.054,45,3.5,14.108,1.0,0,,1,6.873,-0.14,0.259,18.182,0.651,0.95,0.535,2.4,0,,,99.112,1.524,1.0,3746,0.125,0.15,0.2,False
reference-boards/mnt-reform/historic-reform1/reform-trackball-pcb/reform-trackball.kicad_pcb,63x47,2,26,92.308,0.0,0.0,0.0,38.473,1,2.455,2.455,1.0,0,,1,11.292,-3.328,-1.124,57.692,-2.433,1.3,0.8,1.272,0,,,57.692,1.0,1.0,275,0.3,0.3,0.4,False
reference-boards/mnt-reform/reform2-batterypack-pcb/reform2-batterypack-upstream.kicad_pcb,91x66,2,36,88.889,0.0,0.0,0.0,51.867,0,,,,0,,0,,-0.025,0.18,19.444,0.525,0.8,1.155,1.185,0,,,77.778,1.0,1.0,288,0.25,1.0,0.4,False
reference-boards/mnt-reform/reform2-imx8mplus/reform2-imx8mplus.kicad_pcb,50x68,6,33,96.97,0.212,0.0,0.0,29.086,6,1.582,1.738,1.0,0,,0,,-0.04,0.09,12.121,0.438,1.1,0.175,1.063,0,,,87.879,0.5,0.5,2187,0.2,0.2,0.2,False
reference-boards/mnt-reform/reform2-keyboard-pcb/reform2-keyboard.kicad_pcb,276x118,2,380,78.421,0.432,0.414,0.333,38.432,7,4.59,10.97,0.286,1,6.792,1,6.677,0.66,2.101,3.684,1.651,2.701,2.735,4.37,0,,1.674,76.842,1.0,1.0,2054,0.2,0.25,0.4,False
reference-boards/mnt-reform/reform2-keyboard3-pcb/reform2-keyboard3.kicad_pcb,276x118,2,376,78.723,0.431,0.41,0.333,37.697,5,3.522,5.104,0.4,1,6.792,1,6.677,0.525,2.101,3.191,1.388,2.676,1.675,5.095,0,,1.383,98.404,1.0,1.0,2079,0.2,0.25,0.4,False
reference-boards/mnt-reform/reform2-keyboard4-pcb/reform2-keyboard4.kicad_pcb,276x118,2,373,57.105,0.437,0.599,0.25,36.317,18,4.828,19.834,0.833,1,6.792,1,15.301,0.56,1.736,2.145,1.385,2.236,1.675,8.905,0,,0.669,97.319,0.5,0.5,2854,0.2,0.2,0.3,False
reference-boards/mnt-reform/reform2-motherboard-pcb/reform2-motherboard.kicad_pcb,276x94,6,505,94.653,0.0,0.0,0.0,45.852,68,4.391,8.609,1.0,2,5.294,4,5.579,-0.02,0.23,12.871,0.6,0.855,0.45,5.675,0,,,97.822,0.75,0.75,11666,0.2,0.2,0.4,False
reference-boards/mnt-reform/reform2-motherboard25-pcb/reform2-motherboard25.kicad_pcb,276x94,6,498,94.378,0.0,0.0,0.0,46.255,70,3.888,7.518,1.0,2,4.564,4,4.754,0.03,0.2,8.434,0.65,0.85,0.6,4.875,0,,,97.791,0.75,0.75,10953,0.2,0.2,0.4,False
reference-boards/mnt-reform/reform2-motherboard30-pcb/reform2-motherboard30.kicad_pcb,276x94,6,522,95.594,0.0,0.0,0.0,42.476,80,3.897,12.301,1.0,6,3.549,4,5.579,-0.025,0.18,13.985,0.55,0.8,0.6,4.8,0,,,97.893,0.75,0.75,9733,0.2,0.2,0.4,False
reference-boards/mnt-reform/reform2-protected-batterypack-pcb/reform2-protected-batterypack-pcb.kicad_pcb,91x66,2,37,89.189,0.0,0.0,0.0,45.775,0,,,,0,,0,,0.118,0.26,0.0,0.525,0.85,1.155,2.431,0,,,67.568,1.0,1.0,297,0.25,0.5,0.4,False
reference-boards/mnt-reform/reform2-trackball-pcb/reform2-trackball.kicad_pcb,87x59,2,45,88.889,0.222,0.217,0.0,27.252,2,2.505,2.708,1.0,1,4.65,1,10.321,-0.423,1.95,13.333,0.71,2.501,2.475,3.675,0,,2.2,82.222,1.0,1.0,376,0.2,0.3,0.4,False
reference-boards/mnt-reform/reform2-trackball2-pcb/reform2-trackball2.kicad_pcb,87x59,2,65,84.615,0.154,0.128,0.0,26.998,19,3.438,5.701,1.0,1,4.65,1,8.541,0.11,0.53,3.077,0.71,1.145,1.235,3.165,0,,1.975,87.692,1.0,1.0,473,0.2,0.2,0.4,False
reference-boards/olimex-a20-can/A20-CAN_Rev_A.kicad_pcb,59x31,2,27,3.704,0.0,0.0,0.0,57.946,0,,,,0,,0,,0.008,0.597,0.0,0.508,1.097,3.429,7.493,0,,,92.593,0.889,0.762,411,0.508,1.016,0.6,False
reference-boards/olimex-bb-ch340t/HARDWARE/BB-CH340T-Rev.B/bb-ch340t.kicad_pcb,26x27,2,26,0.0,0.0,0.0,0.0,37.811,0,,,,0,,1,4.191,-0.026,0.122,35.294,0.474,0.622,2.625,3.01,0,,,46.154,0.8,0.7,176,0.203,0.254,0.61,False
reference-boards/olimex-diy-laptop/HARDWARE/A64-TERES/TERES-PCB1-A64-MAIN/Rev.B/TERES_PCB1-A64-MAIN_Rev.B.kicad_pcb,107x89,6,431,0.464,0.155,0.174,0.0,46.474,104,3.358,9.284,0.76,0,,0,,-0.242,-0.104,60.714,0.258,0.396,1.325,8.137,53,4.075,3.916,96.288,0.635,0.635,13060,0.097,0.127,0.3,False
reference-boards/olimex-diy-laptop/HARDWARE/A64-TERES/TERES-PCB1-A64-MAIN/Rev.C/TERES_PCB1-A64-MAIN_Rev.C.kicad_pcb,117x89,6,447,0.447,0.163,0.186,0.0,44.181,109,3.361,9.214,0.761,0,,0,,-0.238,-0.05,59.633,0.262,0.45,0.813,7.392,55,4.4,3.542,96.421,0.635,0.635,15612,0.097,0.127,0.3,False
reference-boards/olimex-diy-laptop/HARDWARE/A64-TERES/TERES-PCB2-IO/Rev.B/TERES-PCB2-IO_Rev.B.kicad_pcb,26x74,2,42,0.0,0.024,0.0,,43.224,0,,,,0,,0,,-0.238,0.005,50.0,0.262,0.505,1.555,4.034,0,,,54.762,1.0,1.0,379,0.203,0.305,0.4,False
reference-boards/olimex-diy-laptop/HARDWARE/A64-TERES/TERES-PCB3-TOUCH-BTN/Rev.A/TERES-PCB3-TOUCH-BTN_Rev.A.kicad_pcb,85x13,2,28,0.0,0.071,0.0,,21.886,0,,,,0,,0,,0.734,1.614,0.0,1.234,2.114,3.567,3.792,0,,,35.714,1.0,1.0,87,0.229,0.25,0.4,False
reference-boards/olimex-diy-laptop/HARDWARE/A64-TERES/TERES-PCB5-KEYBOARD/Rev.A.old/TERES-PCB5-KEYBOARD_Rev.A.kicad_pcb,69x35,2,71,0.0,0.0,0.0,0.0,31.788,2,5.201,7.42,1.0,0,,1,4.161,-0.193,-0.05,62.5,0.307,0.45,1.962,2.987,0,,,69.014,1.0,0.762,777,0.203,0.305,0.4,False
reference-boards/olimex-diy-laptop/HARDWARE/A64-TERES/TERES-PCB5-KEYBOARD/Rev.A/TERES-PCB5-KEYBOARD_Rev.A.kicad_pcb,69x35,2,71,0.0,0.0,0.0,0.0,31.662,2,5.201,7.42,1.0,0,,1,4.161,-0.182,-0.05,62.5,0.318,0.45,1.962,2.987,0,,,69.014,1.0,0.762,778,0.203,0.305,0.4,False
reference-boards/olimex-esp32-poe-iso/HARDWARE/ESP32-PoE-ISO-Rev.B/ESP32-PoE-ISO_Rev_B.kicad_pcb,28x93,4,127,1.575,0.567,0.659,0.286,74.7,9,1.991,8.429,0.889,0,,0,,-0.201,-0.013,53.543,0.3,0.487,0.548,1.508,26,1.699,0.256,92.913,0.762,0.635,2830,0.127,0.508,0.4,False
reference-boards/olimex-esp32-poe-iso/HARDWARE/ESP32-PoE-ISO-Rev.C/ESP32-PoE-ISO_Rev_C.kicad_pcb,28x93,4,126,1.587,0.563,0.656,0.286,73.842,9,1.991,8.429,0.889,0,,0,,-0.207,-0.015,53.968,0.293,0.487,0.548,1.463,21,1.741,0.253,92.857,0.762,0.635,2943,0.127,0.508,0.4,False
reference-boards/olimex-esp32-poe-iso/HARDWARE/ESP32-PoE-ISO-Rev.D/BackupFiles/ESP32-PoE-ISO_Rev_D.kicad_pcb,28x93,4,127,1.575,0.567,0.659,0.286,74.032,9,1.991,8.429,0.889,0,,0,,-0.201,-0.013,52.756,0.3,0.487,0.548,1.269,21,1.741,0.256,92.913,0.762,0.508,2957,0.127,0.508,0.4,False
reference-boards/olimex-esp32-poe-iso/HARDWARE/ESP32-PoE-ISO-Rev.D/ESP32-PoE-ISO_Rev_D.kicad_pcb,28x93,4,127,1.575,0.567,0.659,0.286,74.032,9,1.991,8.429,0.889,0,,0,,-0.201,-0.013,52.756,0.3,0.487,0.548,1.269,21,1.741,0.256,92.913,0.762,0.508,2957,0.127,0.508,0.4,False
reference-boards/olimex-esp32-poe-iso/HARDWARE/ESP32-PoE-ISO-Rev.G1/ESP32-PoE-ISO_Rev_G1.kicad_pcb,28x93,4,130,1.538,0.562,0.637,0.375,74.552,7,2.705,8.707,1.0,0,,0,,-0.162,0.061,46.154,0.338,0.561,0.548,1.688,21,1.741,0.486,93.846,0.762,0.635,3042,0.127,0.508,0.4,False
reference-boards/olimex-esp32-poe-iso/HARDWARE/ESP32-PoE-ISO-Rev.H/ESP32-PoE-ISO_Rev_H.kicad_pcb,28x93,4,131,1.527,0.565,0.641,0.375,75.736,7,2.705,8.408,1.0,0,,0,,-0.172,-0.013,50.382,0.328,0.487,0.481,1.327,21,1.741,0.505,93.893,0.762,0.635,3089,0.127,0.508,0.4,False
reference-boards/olimex-esp32-poe-iso/HARDWARE/ESP32-PoE-ISO-Rev.I/ESP32-PoE-ISO_Rev_I.kicad_pcb,28x93,4,131,1.527,0.565,0.641,0.375,75.736,7,2.705,8.408,1.0,0,,0,,-0.172,-0.013,50.382,0.328,0.487,0.481,1.327,21,1.741,0.505,93.893,0.762,0.635,3108,0.127,0.508,0.4,False
reference-boards/olimex-esp32-poe-iso/HARDWARE/ESP32-PoE-ISO-Rev.J/ESP32-PoE-ISO_Rev_J.kicad_pcb,28x98,4,137,1.46,0.555,0.638,0.444,76.5,8,2.414,8.406,1.0,0,,0,,-0.198,0.008,49.635,0.323,0.508,0.481,1.273,26,2.029,0.738,91.971,0.762,0.635,3029,0.127,0.508,0.4,False
reference-boards/olimex-esp32-poe-iso/HARDWARE/ESP32-PoE-ISO-Rev.K/ESP32-PoE-ISO_Rev_K.kicad_pcb,28x98,4,139,1.439,0.561,0.646,0.444,76.652,8,2.414,8.406,1.0,0,,0,,-0.185,-0.013,50.36,0.325,0.487,0.481,1.269,26,2.029,0.678,92.086,0.762,0.635,3057,0.127,0.508,0.4,False
reference-boards/olimex-esp32-poe-iso/HARDWARE/ESP32-PoE-ISO-Rev.L/ESP32-PoE-ISO_Rev_L.kicad_pcb,28x98,4,139,0.719,0.561,0.646,0.444,77.078,8,2.414,8.406,1.0,0,,0,,-0.166,0.012,48.201,0.334,0.512,0.481,1.269,26,2.029,0.395,92.086,0.762,0.61,3103,0.127,0.508,0.4,False
reference-boards/olimex-esp32-poe-iso/HARDWARE/ESP32-PoE-ISO-Rev.M/ESP32-PoE-ISO_Rev_M.kicad_pcb,28x98,4,138,3.623,0.551,0.628,0.5,76.923,8,2.414,8.406,1.0,0,,0,,-0.228,0.05,46.377,0.272,0.534,0.325,1.269,20,1.77,0.588,90.58,0.762,0.635,3821,0.127,0.508,0.4,False
reference-boards/olimex-esp32-poe-iso/HARDWARE/ESP32-PoE-ISO-Rev.M1/ESP32-PoE-ISO_Rev_M1.kicad_pcb,28x98,4,139,3.597,0.554,0.632,0.5,78.42,8,2.414,8.406,1.0,0,,0,,-0.239,0.017,47.482,0.261,0.517,0.239,1.269,20,1.77,0.257,89.928,0.762,0.635,3821,0.127,0.508,0.4,False
reference-boards/olimex-esp32-poe-iso/HARDWARE/ESP32-PoE-ISO-Rev.N/ESP32-PoE-ISO_Rev_N.kicad_pcb,28x98,4,139,3.597,0.561,0.635,0.5,76.899,8,2.414,8.406,1.0,0,,0,,-0.182,0.114,44.604,0.273,0.614,0.325,1.269,20,1.77,0.504,91.367,0.762,0.635,3761,0.127,0.508,0.4,False
reference-boards/olimex-esp32-poe-iso/HARDWARE/ESP32-PoE-ISO-Rev.N1/ESP32-PoE-ISO_Rev_N1.kicad_pcb,28x98,4,140,4.286,0.557,0.629,0.5,77.346,8,2.414,8.406,1.0,0,,0,,-0.238,0.063,46.429,0.258,0.563,0.325,1.269,20,1.77,0.504,90.714,0.762,0.635,3761,0.127,0.508,0.4,False
reference-boards/olimex-esp32-poe-iso/HARDWARE/ESP32-PoE-ISO-Rev.O/ESP32-PoE-ISO_Rev_O.kicad_pcb,28x98,4,141,3.546,0.574,0.649,0.5,77.707,8,2.414,8.406,1.0,0,,0,,-0.172,0.114,43.972,0.276,0.614,0.325,1.269,20,1.77,0.409,91.489,0.762,0.635,3781,0.127,0.508,0.4,False
reference-boards/olimex-ice40hx1k-evb/ICE40-1KEVB_Rev_A.kicad_pcb,50x50,2,75,1.333,0.0,0.0,0.0,51.72,26,1.941,8.297,1.0,0,,1,5.644,-0.043,0.122,11.429,0.505,0.622,0.624,0.934,0,,,94.667,1.27,1.0,0,,,,False
reference-boards/olimex-ice40hx1k-evb/_autosave-ICE40-1KEVB_Rev_A.kicad_pcb,50x50,2,75,1.333,0.0,0.0,0.0,51.72,26,1.941,8.297,1.0,0,,1,5.644,-0.043,0.122,11.429,0.505,0.622,0.624,0.934,0,,,94.667,1.27,1.0,0,,,,False
reference-boards/olimex-ice40hx1k-evb/iCE40HX1K-EVB_Rev_B.kicad_pcb,50x50,4,79,1.266,0.013,0.0,0.0,52.593,26,1.996,8.29,1.0,0,,1,5.636,-0.132,0.119,21.918,0.389,0.619,0.624,0.942,0,,,94.937,0.889,0.635,2527,0.203,0.203,0.3,False
reference-boards/olimex-olinuxino/HARDWARE/A64-OLinuXino/1. Latest hardware revision/A64-OLinuXino hardware revision H/A64-OlinuXino_Rev_H.kicad_pcb,90x63,6,452,0.885,0.518,0.553,0.235,90.313,119,1.36,8.567,0.269,0,,1,9.357,-0.246,-0.138,67.699,0.23,0.381,0.711,5.935,126,2.289,0.332,97.788,0.635,0.5,17062,0.107,0.127,0.254,False
reference-boards/olimex-olinuxino/HARDWARE/A64-OLinuXino/2. Older hardware revisions/A64-OLinuXino hardware revision A/A64-OlinuXino_Rev_A.kicad_pcb,90x63,6,396,0.505,0.505,0.548,0.133,90.346,116,1.448,8.928,0.267,0,,0,,-0.238,-0.013,50.773,0.262,0.491,0.622,6.501,115,3.041,0.3,98.99,0.635,0.635,13950,0.107,0.127,0.3,False
reference-boards/olimex-olinuxino/HARDWARE/A64-OLinuXino/2. Older hardware revisions/A64-OLinuXino hardware revision A/_autosave-A64-OlinuXino_Rev_A.kicad_pcb,90x63,6,396,0.253,0.013,0.003,0.062,97.959,8,2.153,9.846,1.0,0,,0,,0.348,4.242,2.835,0.848,4.742,-422.73,-385.871,0,,8.644,98.485,1.27,0.8,0,,,,False
reference-boards/olimex-olinuxino/HARDWARE/A64-OLinuXino/2. Older hardware revisions/A64-OLinuXino hardware revision B/A64-OlinuXino_Rev_B.kicad_pcb,90x63,6,394,0.508,0.477,0.512,0.133,89.712,117,1.427,8.599,0.265,0,,0,,-0.246,-0.016,52.85,0.254,0.487,0.69,6.507,120,2.909,0.297,98.985,0.635,0.635,13451,0.107,0.127,0.3,False
reference-boards/olimex-olinuxino/HARDWARE/A64-OLinuXino/2. Older hardware revisions/A64-OLinuXino hardware revision C/A64-OlinuXino_Rev_C.kicad_pcb,90x63,6,432,0.463,0.484,0.521,0.188,93.709,120,1.405,8.875,0.275,0,,0,,-0.246,-0.087,59.719,0.254,0.437,0.711,6.223,126,2.562,0.275,99.074,0.635,0.635,17000,0.107,0.127,0.3,False
reference-boards/olimex-olinuxino/HARDWARE/A64-OLinuXino/2. Older hardware revisions/A64-OLinuXino hardware revision D/A64-OlinuXino_Rev_D.kicad_pcb,90x63,6,433,0.462,0.485,0.522,0.188,94.101,120,1.405,8.875,0.275,0,,0,,-0.246,-0.111,60.047,0.254,0.428,0.711,6.102,126,2.562,0.275,99.076,0.635,0.635,16995,0.107,0.127,0.3,False
reference-boards/olimex-olinuxino/HARDWARE/A64-OLinuXino/2. Older hardware revisions/A64-OLinuXino hardware revision E/A64-OlinuXino_Rev_E.kicad_pcb,90x63,6,438,0.457,0.475,0.519,0.188,91.822,120,1.38,8.875,0.275,0,,0,,-0.246,-0.115,63.048,0.254,0.389,0.711,6.47,132,2.702,0.275,99.087,0.635,0.45,16943,0.107,0.127,0.254,False
reference-boards/olimex-olinuxino/HARDWARE/A64-OLinuXino/2. Older hardware revisions/A64-OLinuXino hardware revision G/A64-OlinuXino_Rev_G.kicad_pcb,90x63,6,445,0.899,0.51,0.549,0.2,89.15,119,1.36,8.567,0.269,0,,1,9.357,-0.246,-0.131,66.292,0.254,0.381,0.711,5.936,127,2.289,0.31,97.753,0.635,0.5,16778,0.107,0.127,0.254,False
reference-boards/olimex-olinuxino/HARDWARE/A64-OLinuXino/2. Older hardware revisions/A64-OLinuXino hardware revision G1/A64-OlinuXino_Rev_G1.kicad_pcb,90x63,6,445,0.899,0.51,0.549,0.2,89.15,119,1.36,8.567,0.269,0,,1,9.357,-0.246,-0.131,66.292,0.254,0.381,0.711,5.936,127,2.289,0.31,97.753,0.635,0.5,16778,0.107,0.127,0.254,False
reference-boards/olimex-olinuxino/HARDWARE/LCDs/LCD-DRIVER/Hardware revision B/LCD-DRIVER_Rev_B.kicad_pcb,104x66,2,135,8.889,0.978,1.0,1.0,53.532,7,1.715,2.329,1.0,0,,0,,-0.197,-0.111,65.152,0.306,0.389,0.651,3.787,0,,4.519,95.556,0.635,0.508,5589,0.152,0.254,0.4,False
reference-boards/olimex-olinuxino/HARDWARE/LCDs/LCD-DRIVER/Hardware revision C/LCD-DRIVER_Rev_C.kicad_pcb,104x66,2,137,8.759,0.978,1.0,1.0,53.801,7,1.715,2.254,1.0,0,,0,,-0.242,-0.115,66.418,0.259,0.387,0.651,3.281,0,,4.166,95.62,0.635,0.457,5701,0.152,0.254,0.4,False
reference-boards/olimex-olinuxino/HARDWARE/LCDs/LCD-DRIVER/Hardware revision D/LCD-DRIVER_Rev_D.kicad_pcb,104x66,2,140,8.571,0.979,1.0,1.0,53.427,7,1.715,2.329,1.0,0,,0,,-0.242,-0.111,62.774,0.268,0.389,0.651,3.156,0,,4.298,95.714,0.635,0.381,6106,0.152,0.254,0.4,False
reference-boards/olimex-olinuxino/HARDWARE/LCDs/LCD-OLinuXino-15.6FHD/Hardware revision H/LCD-OLinuXino-15.6FHD_Rev_H.kicad_pcb,60x71,4,63,4.762,0.0,0.0,0.0,43.792,10,2.712,21.485,1.0,0,,0,,-0.43,0.187,26.667,0.07,0.687,0.852,4.204,0,,,96.825,0.8,0.381,2339,0.125,0.13,0.4,False
reference-boards/olimex-olinuxino/HARDWARE/LCDs/LCD-OLinuXino-5CTS/Hardware revision A/LCD-OLinuXino-5TS.kicad_pcb,90x38,2,45,0.0,0.0,0.0,0.0,41.846,0,,,,0,,0,,-0.325,0.374,22.857,0.175,0.874,0.466,0.762,0,,,55.556,1.27,1.0,1168,0.152,0.254,0.4,False
reference-boards/olimex-olinuxino/HARDWARE/LCDs/LCD-OLinuXino-5CTS/Hardware revision B/LCD-OLinuXino-5TS_Rev.B.kicad_pcb,90x38,2,50,0.0,0.0,0.0,0.0,37.486,0,,,,0,,0,,-0.266,0.357,17.647,0.234,0.857,0.593,1.03,0,,,54.0,1.27,1.0,1037,0.152,0.254,0.4,False
reference-boards/olimex-olinuxino/HARDWARE/STMP157-OLinuXino-LIME2/1. Latest hardware revision/STMP157-OLinuXino-LIME2_Rev_B1/STMP157-OLinuXino-LIME2_Rev_B1.kicad_pcb,84x60,8,416,0.962,0.454,0.466,0.579,143.692,129,1.415,8.489,0.225,0,,1,6.759,-17.266,-0.161,72.115,-16.766,0.339,0.889,3.246,15,1.131,0.109,98.317,0.762,0.508,12688,0.107,0.127,0.2,False
reference-boards/olimex-rvpc/HARDWARE/RVPC-Rev.A/RVPC_Rev_A.kicad_pcb,31x50,2,29,0.0,0.0,0.0,0.0,45.711,1,5.751,5.751,1.0,0,,0,,0.35,0.476,0.0,0.85,0.976,3.365,7.687,0,,,65.517,1.27,1.27,0,,,,False
reference-boards/olimex-rvpc/HARDWARE/RVPC_Rev.B/RVPC_Rev_B.kicad_pcb,31x50,2,32,0.0,0.094,0.0,0.0,46.085,1,5.751,5.751,1.0,0,,0,,0.249,0.476,0.0,0.749,0.976,3.365,7.762,0,,,68.75,1.27,0.889,407,0.508,1.27,0.6,False
reference-boards/olimex-rvpc/SOFTWARE/rvpc/tools/esp32s2-cookbook/hardware/exposed_power_rails/exposed_power_rails.kicad_pcb,35x35,2,37,100.0,0.0,0.0,0.0,61.012,0,,,,0,,1,5.223,-1.576,-0.261,56.757,-0.309,0.78,2.82,5.042,0,,,100.0,0.8,0.8,520,0.2,0.2,0.2,False
reference-boards/olimex-usb-gigabit/HARDWARE/USB-GIGABIT-Rev.C/USB-GIGABIT_Rev_C.kicad_pcb,52x19,4,69,0.0,0.435,0.619,0.667,64.372,15,1.11,4.528,0.067,0,,0,,-0.041,0.23,14.0,0.459,0.73,0.736,1.167,9,1.508,0.539,69.565,0.8,0.7,582,0.155,0.305,0.4,False
reference-boards/olimex-usb-gigabit/HARDWARE/USB-GIGABIT-Rev.D/USB-GIGABIT_Rev_D.kicad_pcb,55x19,4,52,0.0,0.038,0.0,0.0,59.735,15,3.481,5.067,1.0,0,,0,,-0.161,-0.034,51.923,0.339,0.466,0.887,1.226,0,,,92.308,0.889,0.813,655,0.127,0.254,0.4,False
reference-boards/olimex-usb-gigabit/HARDWARE/USB-GIGABIT-Rev.E/USB-GIGABIT_Rev_E.kicad_pcb,52x19,4,52,0.0,0.038,0.0,0.0,63.197,15,3.481,5.067,1.0,0,,0,,-0.161,-0.034,51.923,0.339,0.466,0.887,1.226,0,,,92.308,0.889,0.813,680,0.127,0.254,0.4,False
reference-boards/rpi-cm4io/CM4IOv5.kicad_pcb,160x90,4,151,96.689,0.04,0.0,0.0,38.624,34,3.98,22.531,1.0,1,21.551,2,5.38,-0.14,0.22,21.192,0.488,0.76,0.65,6.805,0,,,94.702,1.0,0.8,5655,0.1,0.13,0.25,False
reference-boards/rpi-rp2040-minimal/RPI-RP2040-MINIMAL_R3-S1_public/RPI-RP2040-MINIMAL_R3-S1.kicad_pcb,53x52,2,34,100.0,0.0,0.0,0.0,30.79,15,2.962,3.776,1.0,0,,0,,0.49,1.29,0.0,0.45,1.3,6.1,10.01,0,,,88.235,0.8,0.8,313,0.15,0.15,0.25,False
reference-boards/rpi-vga-carrier/RPI-PVSA_R3-S1_public/RPI-PVSA_R3-S1.kicad_pcb,86x57,4,71,100.0,0.0,0.0,0.0,55.951,9,2.99,8.618,1.0,0,,0,,0.825,1.677,0.0,0.615,1.45,1.32,4.315,0,,,94.366,0.8,0.8,392,0.15,0.15,0.25,False
reference-boards/sparkfun-gnssdo/Hardware/GNSSDO/Production/SparkPNT_GPSDO_panelized.kicad_pcb,166x126,4,300,96.667,0.08,0.0,0.0,33.715,48,3.603,12.717,1.0,3,4.064,0,,-0.09,0.137,40.678,0.574,0.74,12.79,16.58,0,,,2.0,1.0,1.0,2036,0.178,0.178,0.3,False
reference-boards/sparkfun-gnssdo/Hardware/GNSSDO/SparkPNT_GPSDO.kicad_pcb,152x102,4,294,98.299,0.078,0.0,0.0,45.293,48,3.603,12.717,1.0,3,4.064,0,,-0.09,0.137,40.816,0.574,0.74,3.397,6.726,0,,,0.0,,,2036,0.178,0.178,0.3,False
reference-boards/sparkfun-gnssdo/Hardware/GNSSDO_Plus/Production/SparkPNT_GNSSDO_Plus_panelized.kicad_pcb,166x126,4,357,96.919,0.101,0.0,0.0,49.296,60,3.757,9.8,1.0,4,4.064,0,,-0.026,0.067,39.205,0.574,0.661,13.172,18.43,0,,,1.681,1.0,1.0,2540,0.178,0.178,0.3,False
reference-boards/sparkfun-gnssdo/Hardware/GNSSDO_Plus/SparkPNT_GNSSDO_Plus.kicad_pcb,152x102,4,351,98.291,0.1,0.0,0.0,66.263,60,3.757,9.8,1.0,4,4.064,0,,-0.026,0.066,39.316,0.574,0.661,3.733,7.207,0,,,0.0,,,2540,0.178,0.178,0.3,False
reference-boards/sparkfun-openscale-iot/Hardware/SparkFun_OpenScale-BT.kicad_pcb,56x47,2,93,100.0,0.129,0.0,0.0,55.963,9,2.344,3.339,1.0,0,,0,,-0.078,0.125,16.129,0.528,0.725,2.369,7.386,0,,,0.0,,,596,0.178,0.178,0.3,False
reference-boards/sparkfun-portability-shield/Hardware/SparkFun_Portability_Shield.kicad_pcb,43x43,2,60,98.333,0.117,0.0,0.0,59.709,11,2.392,6.421,1.0,0,,0,,-0.107,0.038,21.667,0.482,0.638,0.528,1.365,0,,,0.0,,,425,0.178,0.178,0.3,False
reference-boards/sparkfun-redboard-rp2350/Hardware/Production/SparkFun_IoT_RedBoard-RP2350_panelized.kicad_pcb,390x132,4,1396,9.742,0.015,0.0,0.0,10.424,310,1.848,7.392,1.0,0,,10,6.376,-8.129,1.323,20.714,-7.729,1.87,14.99,18.153,0,,,0.43,1.0,1.0,12640,0.12,0.15,0.2,False
reference-boards/sparkfun-redboard-rp2350/Hardware/SparkFun_IoT_RedBoard-RP2350.kicad_pcb,69x59,4,139,97.122,0.144,0.0,0.0,132.375,27,1.834,5.51,1.0,0,,1,6.376,-18.749,-7.735,71.223,-18.304,-7.34,1.045,8.902,0,,,0.0,,,1264,0.12,0.15,0.2,False
reference-boards/sparkfun-rtk-facet/Hardware/Display/KiCad/SparkFun RTK Facet - Display SD.kicad_pcb,50x22,2,25,92.0,0.84,1.0,0.0,72.054,3,9.343,11.186,0.0,0,,0,,-0.011,0.037,16.0,0.534,0.7,1.875,2.129,0,,1.206,0.0,,,0,,,,False
reference-boards/sparkfun-rtk-postcard/Hardware/Production/SparkFun_RTK_Postcard_panelized.kicad_pcb,101x203,4,654,12.538,0.024,0.0,0.0,6.622,72,4.663,9.606,1.0,8,6.07,0,,-0.03,0.358,12.195,0.597,0.958,11.505,14.003,0,,,0.917,1.0,1.0,5696,0.152,0.178,0.3,False
reference-boards/sparkfun-rtk-postcard/Hardware/SparkFun_RTK_Postcard.kicad_pcb,43x43,4,81,100.0,0.185,0.0,0.0,71.736,6,3.075,5.176,1.0,1,6.07,0,,-0.078,0.245,19.753,0.422,0.8,0.845,4.223,0,,,0.0,,,712,0.152,0.178,0.3,False
reference-boards/sparkfun-soft-power-usbc/Hardware/Soft_Power_Switch_USB-C.kicad_pcb,26x26,2,40,100.0,0.1,0.0,0.0,86.571,3,2.396,3.397,1.0,0,,0,,-0.838,-0.002,42.5,0.5,0.606,0.857,1.221,0,,,0.0,,,284,0.178,0.178,0.3,False
reference-boards/sparkfun-thingplus-esp32s3/Hardware/Production/SparkFun_Thing_Plus_ESP32-S3_panelized.kicad_pcb,107x205,4,750,7.867,0.023,0.211,0.0,8.961,164,2.79,13.01,0.854,12,2.946,0,,-10.315,-0.256,58.73,-9.86,0.572,7.23,11.018,96,7.164,2.038,0.8,1.0,1.0,9624,0.152,0.152,0.3,False
reference-boards/sparkfun-thingplus-esp32s3/Hardware/SparkFun_Thing_Plus_ESP32-S3.kicad_pcb,23x59,4,62,98.387,0.258,0.211,0.0,145.266,12,2.516,9.807,0.833,0,,0,,-10.357,-0.18,59.677,-9.907,0.559,0.38,1.195,8,7.164,2.827,0.0,,,800,0.152,0.152,0.3,False
reference-boards/sparkfun-xrp-controller/Hardware/Production/SparkFun_XRP_Controller_panelized.kicad_pcb,141x177,6,1086,16.206,0.026,0.0,0.0,9.557,228,1.566,8.93,1.0,0,,6,5.903,0.009,1.56,5.525,0.495,2.309,10.565,14.558,0,,,0.552,1.0,1.0,9780,0.127,0.127,0.3,False
reference-boards/sparkfun-xrp-controller/Hardware/SparkFun_XRP_Controller.kicad_pcb,64x54,6,180,97.222,0.15,0.0,0.0,69.017,30,1.398,5.303,1.0,0,,1,5.903,-0.063,0.046,36.111,0.363,0.546,0.73,6.257,0,,,0.0,,,1630,0.127,0.127,0.3,False
hardware/kicad/sbc-baseboard/sbc-baseboard.kicad_pcb,140x80,4,339,100.0,0.313,0.377,0.0,61.017,57,2.195,9.746,0.93,17,3.31,4,4.418,0.15,0.2,0.0,0.745,0.9,3.795,10.075,63,0.85,0.915,74.631,0.8,0.7,6,2.0,2.0,,True
