"Reference","Value","Footprint","QUANTITY"
"C101,C102","47u/10V","Capacitor_SMD:C_1210_3225Metric","2"
"C103","100u/10V","Capacitor_SMD:CP_Elec_8x10.5","1"
"C104,C206,C207,C208,C209,C210,C211,C213,C301,C302,C305,C309,C310,C403,C404,C405,C406,C407,C408,C409,C412,C414,C417,C419,C421,C423,C425,C501,C505,C601,C603,C604,C701,C702,C703,C704,C705,C706,C707,C708","100n","Capacitor_SMD:C_0603_1608Metric","40"
"C105,C212,C214,C426,C504,C709","10u","Capacitor_SMD:C_0805_2012Metric","6"
"C106,C107,C308","22u","Capacitor_SMD:C_0805_2012Metric","3"
"C108","120p","Capacitor_SMD:C_0603_1608Metric","1"
"C201,C202,C304,C602,C605","2u2","Capacitor_SMD:C_0603_1608Metric","5"
"C203,C401,C402,C411,C413","1u","Capacitor_SMD:C_0603_1608Metric","5"
"C204,C205","12p","Capacitor_SMD:C_0603_1608Metric","2"
"C303","1n/2kV","Capacitor_SMD:C_1206_3216Metric","1"
"C306,C307","22p","Capacitor_SMD:C_0603_1608Metric","2"
"C410","4u7","Capacitor_SMD:C_0805_2012Metric","1"
"C415,C416","33p","Capacitor_SMD:C_0603_1608Metric","2"
"C418,C420,C422,C424,C710","22u","Capacitor_SMD:C_1206_3216Metric","5"
"C502,C503","47p","Capacitor_SMD:C_0603_1608Metric","2"
"C606,C607","18p","Capacitor_SMD:C_0603_1608Metric","2"
"C711","1n","Capacitor_SMD:C_0603_1608Metric","1"
"C712","10n","Capacitor_SMD:C_0603_1608Metric","1"
"D101","SMAJ5.0A","Diode_SMD:D_SMA","1"
"D102,D103","LED AMBER","LED_SMD:LED_0603_1608Metric","2"
"D201","BAT54","Diode_SMD:D_SOD-123","1"
"D202","RGB heartbeat","LED_SMD:LED_RGB_1210","1"
"D401,D402,D403,D404,D405,D504,D505,D601,D703","LED GREEN","LED_SMD:LED_0603_1608Metric","9"
"D501,D502,D503,D506,D701,D702","PESD5V0S1UL","Diode_SMD:D_SOD-882","6"
"D801,D803,D805,D807","1N4148W","Diode_SMD:D_SOD-123","4"
"D802,D804,D806","LED RED","LED_SMD:LED_0603_1608Metric","3"
"FB201,FB301","600R@100MHz","Inductor_SMD:L_0603_1608Metric","2"
"H1,H2,H3,H4","M3","MountingHole:MountingHole_3.2mm_M3_Pad","4"
"J1","USB-C upstream","calico:USB_C_Receptacle_GCT_USB4105-xx-A_16P_TopMnt_Horizontal_PegClear","1"
"J2","5 V in, 2.5 mm","Connector_BarrelJack:BarrelJack_Kycon_KLDX-0202-xC_Horizontal","1"
"J3","USB-C HID to target","calico:USB_C_Receptacle_GCT_USB4105-xx-A_16P_TopMnt_Horizontal_PegClear","1"
"J4,J5","USB-A x2","Connector_USB:USB_A_Wuerth_61400826021_Horizontal_Stacked","2"
"J9","FTDI header","Connector_PinHeader_2.54mm:PinHeader_1x06_P2.54mm_Horizontal","1"
"J10","RJ45 magjack 10/100","Connector_RJ:RJ45_Kycon_G7LX-A88S7-BP-xx_Horizontal","1"
"J11,J12","COM/NO/NC","Connector_Phoenix_MC:PhoenixContact_MC_1,5_3-G-3.5_1x03_P3.50mm_Horizontal","2"
"J13","Console","Connector_Phoenix_MC:PhoenixContact_MC_1,5_4-G-3.5_1x04_P3.50mm_Horizontal","1"
"J14","+5V_TGT out","Connector_Phoenix_MSTB:PhoenixContact_MSTBA_2,5_2-G-5,08_1x02_P5.08mm_Horizontal","1"
"J15","GPIO + I2C","Connector_PinHeader_2.54mm:PinHeader_2x06_P2.54mm_Vertical","1"
"J16","SWD","Connector_PinHeader_1.27mm:PinHeader_2x05_P1.27mm_Vertical","1"
"J18","PSU in (isolated)","Connector_Phoenix_MSTB:PhoenixContact_MSTBA_2,5_2-G-5,08_1x02_P5.08mm_Horizontal","1"
"J19","PSU out (isolated)","Connector_Phoenix_MSTB:PhoenixContact_MSTBA_2,5_2-G-5,08_1x02_P5.08mm_Horizontal","1"
"J601","SWD (K20)","Connector_PinHeader_1.27mm:PinHeader_2x05_P1.27mm_Vertical","1"
"JP501","RTS/DTR","Jumper:SolderJumper-3_P1.3mm_Bridged12_RoundedPad1.0x1.5mm","1"
"JP502","VCC 5V/3V3","Jumper:SolderJumper-3_P1.3mm_Bridged12_RoundedPad1.0x1.5mm","1"
"K801,K802","G6K-2F-Y DC5","Relay_SMD:Relay_DPDT_Omron_G6K-2F-Y","2"
"K803","JW1FSN-DC5V","Relay_THT:Relay_SPDT_Panasonic_JW1_FormC","1"
"L101","470n/4A","Inductor_SMD:L_1210_3225Metric","1"
"Q101","DMP3013SFV","Package_SON:Diodes_PowerDI3333-8","1"
"Q801,Q802","2N7002","Package_TO_SOT_SMD:SOT-23","2"
"Q803","AO3400A","Package_TO_SOT_SMD:SOT-23","1"
"R101,R309,R310,R426,R429,R432,R435,R438,R705,R803,R806,R809","1k","Resistor_SMD:R_0603_1608Metric","12"
"R102,R104,R216,R401,R402,R701,R802,R805,R808","100k","Resistor_SMD:R_0603_1608Metric","9"
"R103,R501,R502,R503,R507,R605","470","Resistor_SMD:R_0603_1608Metric","6"
"R105","453k","Resistor_SMD:R_0603_1608Metric","1"
"R201,R202,R422,R423","5.1k","Resistor_SMD:R_0603_1608Metric","4"
"R203,R204,R208,R209,R210,R211,R214,R308,R403,R405,R406,R407,R408,R409,R410,R411,R412,R413,R414,R415,R416,R417,R418,R419,R420,R421,R424,R427,R430,R433,R436,R506,R601,R604,R704,R706,R812","10k","Resistor_SMD:R_0603_1608Metric","37"
"R205,R206,R207,R301,R302","330","Resistor_SMD:R_0603_1608Metric","5"
"R212,R213","4.7k","Resistor_SMD:R_0603_1608Metric","2"
"R215","47k","Resistor_SMD:R_0603_1608Metric","1"
"R303,R304,R305,R306","75","Resistor_SMD:R_0603_1608Metric","4"
"R307,R602,R603","33","Resistor_SMD:R_0603_1608Metric","3"
"R311","6.49k 1%","Resistor_SMD:R_0603_1608Metric","1"
"R404","12.0k 1%","Resistor_SMD:R_0603_1608Metric","1"
"R425,R428,R431,R434,R437","23.7k","Resistor_SMD:R_0603_1608Metric","5"
"R504,R505","27","Resistor_SMD:R_0603_1608Metric","2"
"R702","75k","Resistor_SMD:R_0603_1608Metric","1"
"R703","196k","Resistor_SMD:R_0603_1608Metric","1"
"R707","20k","Resistor_SMD:R_0603_1608Metric","1"
"R708","6.04k 1%","Resistor_SMD:R_0603_1608Metric","1"
"R801,R804,R807","2.2k","Resistor_SMD:R_0603_1608Metric","3"
"R810,R811","1.8k","Resistor_SMD:R_1206_3216Metric","2"
"SW201","RESET","Button_Switch_SMD:SW_SPST_PTS645Sx43SMTR92","1"
"SW601","DAP RESET","Button_Switch_SMD:SW_SPST_PTS645Sx43SMTR92","1"
"U105","TPS62823DLC","Package_SON:Texas_VSON-HR-8_1.5x2mm_P0.5mm","1"
"U201","MK64FN1M0VLL12","Package_QFP:LQFP-100_14x14mm_P0.5mm","1"
"U202,U401,U408,U409,U410,U411","USBLC6-2SC6","Package_TO_SOT_SMD:SOT-23-6","6"
"U301","KSZ8081RNA","Package_DFN_QFN:QFN-24-1EP_4x4mm_P0.5mm_EP2.6x2.6mm","1"
"U402","USB2517","Package_DFN_QFN:QFN-64-1EP_9x9mm_P0.5mm_EP7.15x7.15mm","1"
"U403,U404,U405,U406,U407","TPS2553DBV","Package_TO_SOT_SMD:SOT-23-6","5"
"U501","FT231XS","Package_SO:SSOP-20_3.9x8.7mm_P0.635mm","1"
"U601","MK20DX128VFM5","Package_DFN_QFN:QFN-32-1EP_5x5mm_P0.5mm_EP3.45x3.45mm","1"
"U701","TXB0104PW","Package_SO:TSSOP-14_4.4x5mm_P0.65mm","1"
"U702","TXB0108PW","Package_SO:TSSOP-20_4.4x6.5mm_P0.65mm","1"
"U703","TXS0102DCU","Package_SO:VSSOP-8_2.3x2mm_P0.5mm","1"
"U704","TPS26630RGE","Package_DFN_QFN:Texas_RGE0024H_VQFN-24-1EP_4x4mm_P0.5mm_EP2.7x2.7mm_ThermalVias","1"
"U801","LTV-817","Package_DIP:DIP-4_W7.62mm","1"
"Y201","32.768kHz","Crystal:Crystal_SMD_3215-2Pin_3.2x1.5mm","1"
"Y301","25MHz","Crystal:Crystal_SMD_3225-4Pin_3.2x2.5mm","1"
"Y401","24MHz","Crystal:Crystal_SMD_3225-4Pin_3.2x2.5mm","1"
"Y601","8MHz","Crystal:Crystal_SMD_3225-4Pin_3.2x2.5mm","1"
